{"a":[{"py":"a","zy":"ㄚ","zi":"啊"},{"py":"ai","zy":"ㄞ","zi":"哀"},{"py":"an","zy":"ㄢ","zi":"安"},{"py":"ang","zy":"ㄤ","zi":"肮"},{"py":"ao","zy":"ㄠ","zi":"熬"}],"b":[{"py":"ba","zy":"ㄅㄚ","zi":"八"},{"py":"bai","zy":"ㄅㄞ","zi":"白"},{"py":"ban","zy":"ㄅㄢ","zi":"班"},{"py":"bang","zy":"ㄅㄤ","zi":"帮"},{"py":"bao","zy":"ㄅㄠ","zi":"包"},{"py":"bei","zy":"ㄅㄟ","zi":"杯"},{"py":"ben","zy":"ㄅㄣ","zi":"奔"},{"py":"beng","zy":"ㄅㄥ","zi":"崩"},{"py":"bi","zy":"ㄅㄧ","zi":"逼"},{"py":"bian","zy":"ㄅㄧㄢ","zi":"边"},{"py":"biao","zy":"ㄅㄧㄠ","zi":"标"},{"py":"bie","zy":"ㄅㄧㄝ","zi":"别"},{"py":"bin","zy":"ㄅㄧㄣ","zi":"宾"},{"py":"bing","zy":"ㄅㄧㄥ","zi":"兵"},{"py":"bo","zy":"ㄅㄛ","zi":"玻"},{"py":"bu","zy":"ㄅㄨ","zi":"不"}],"c":[{"py":"ca","zy":"ㄘㄚ","zi":"擦"},{"py":"cai","zy":"ㄘㄞ","zi":"猜"},{"py":"can","zy":"ㄘㄢ","zi":"餐"},{"py":"cang","zy":"ㄘㄤ","zi":"仓"},{"py":"cao","zy":"ㄘㄠ","zi":"操"},{"py":"ce","zy":"ㄘㄜ","zi":"策"},{"py":"cen","zy":"ㄘㄣ","zi":"岑"},{"py":"ceng","zy":"ㄘㄥ","zi":"层"},{"py":"cha","zy":"ㄔㄚ","zi":"插"},{"py":"chai","zy":"ㄔㄞ","zi":"拆"},{"py":"chan","zy":"ㄔㄢ","zi":"搀"},{"py":"chang","zy":"ㄔㄤ","zi":"昌"},{"py":"chao","zy":"ㄔㄠ","zi":"超"},{"py":"che","zy":"ㄔㄜ","zi":"车"},{"py":"chen","zy":"ㄔㄣ","zi":"尘"},{"py":"cheng","zy":"ㄔㄥ","zi":"称"},{"py":"chi","zy":"ㄔ","zi":"吃"},{"py":"chong","zy":"ㄔㄨㄥ","zi":"充"},{"py":"chou","zy":"ㄔㄡ","zi":"抽"},{"py":"chu","zy":"ㄔㄨ","zi":"初"},{"py":"chua","zy":"ㄔㄨㄚ","zi":"欻"},{"py":"chuai","zy":"ㄔㄨㄞ","zi":"揣"},{"py":"chuan","zy":"ㄔㄨㄢ","zi":"川"},{"py":"chuang","zy":"ㄔㄨㄤ","zi":"窗"},{"py":"chui","zy":"ㄔㄨㄟ","zi":"吹"},{"py":"chun","zy":"ㄔㄨㄣ","zi":"春"},{"py":"chuo","zy":"ㄔㄨㄛ","zi":"戳"},{"py":"ci","zy":"ㄘ","zi":"词"},{"py":"cong","zy":"ㄘㄨㄥ","zi":"聪"},{"py":"cou","zy":"ㄘㄡ","zi":"凑"},{"py":"cu","zy":"ㄘㄨ","zi":"粗"},{"py":"cuan","zy":"ㄘㄨㄢ","zi":"撺"},{"py":"cui","zy":"ㄘㄨㄟ","zi":"崔"},{"py":"cun","zy":"ㄘㄨㄣ","zi":"村"},{"py":"cuo","zy":"ㄘㄨㄛ","zi":"搓"}],"d":[{"py":"da","zy":"ㄉㄚ","zi":"搭"},{"py":"dai","zy":"ㄉㄞ","zi":"呆"},{"py":"dan","zy":"ㄉㄢ","zi":"丹"},{"py":"dang","zy":"ㄉㄤ","zi":"当"},{"py":"dao","zy":"ㄉㄠ","zi":"刀"},{"py":"de","zy":"ㄉㄜ","zi":"德"},{"py":"dei","zy":"ㄉㄟ","zi":"得"},{"py":"den","zy":"ㄉㄣ","zi":"扽"},{"py":"deng","zy":"ㄉㄥ","zi":"登"},{"py":"di","zy":"ㄉㄧ","zi":"低"},{"py":"dia","zy":"","zi":"嗲"},{"py":"dian","zy":"ㄉㄧㄢ","zi":"颠"},{"py":"diao","zy":"ㄉㄧㄠ","zi":"刁"},{"py":"die","zy":"ㄉㄧㄝ","zi":"爹"},{"py":"ding","zy":"ㄉㄧㄥ","zi":"丁"},{"py":"diu","zy":"ㄉㄧㄡ","zi":"丢"},{"py":"dong","zy":"ㄉㄨㄥ","zi":"东"},{"py":"dou","zy":"ㄉㄡ","zi":"兜"},{"py":"du","zy":"ㄉㄨ","zi":"都"},{"py":"duan","zy":"ㄉㄨㄢ","zi":"端"},{"py":"dui","zy":"ㄉㄨㄟ","zi":"堆"},{"py":"dun","zy":"ㄉㄨㄣ","zi":"吨"},{"py":"duo","zy":"ㄉㄨㄛ","zi":"多"}],"e":[{"py":"e","zy":"ㄜ","zi":"鹅"},{"py":"ei","zy":"ㄟ","zi":"诶"},{"py":"en","zy":"ㄣ","zi":"恩"},{"py":"eng","zy":"ㄥ","zi":"鞥"},{"py":"er","zy":"ㄦ","zi":"儿"}],"f":[{"py":"fa","zy":"ㄈㄚ","zi":"发"},{"py":"fan","zy":"ㄈㄢ","zi":"帆"},{"py":"fang","zy":"ㄈㄤ","zi":"方"},{"py":"fei","zy":"ㄈㄟ","zi":"非"},{"py":"fen","zy":"ㄈㄣ","zi":"分"},{"py":"feng","zy":"ㄈㄥ","zi":"风"},{"py":"fo","zy":"ㄈㄛ","zi":"佛"},{"py":"fou","zy":"ㄈㄡ","zi":"否"},{"py":"fu","zy":"ㄈㄨ","zi":"夫"}],"g":[{"py":"ga","zy":"ㄍㄚ","zi":"嘎"},{"py":"gai","zy":"ㄍㄞ","zi":"该"},{"py":"gan","zy":"ㄍㄢ","zi":"干"},{"py":"gang","zy":"ㄍㄤ","zi":"钢"},{"py":"gao","zy":"ㄍㄠ","zi":"高"},{"py":"ge","zy":"ㄍㄜ","zi":"哥"},{"py":"gei","zy":"ㄍㄟ","zi":"给"},{"py":"gen","zy":"ㄍㄣ","zi":"根"},{"py":"geng","zy":"ㄍㄥ","zi":"耕"},{"py":"gong","zy":"ㄍㄨㄥ","zi":"工"},{"py":"gou","zy":"ㄍㄡ","zi":"沟"},{"py":"gu","zy":"ㄍㄨ","zi":"姑"},{"py":"gua","zy":"ㄍㄨㄚ","zi":"瓜"},{"py":"guai","zy":"ㄍㄨㄞ","zi":"乖"},{"py":"guan","zy":"ㄍㄨㄢ","zi":"关"},{"py":"guang","zy":"ㄍㄨㄤ","zi":"光"},{"py":"gui","zy":"ㄍㄨㄟ","zi":"归"},{"py":"gun","zy":"ㄍㄨㄣ","zi":"棍"},{"py":"guo","zy":"ㄍㄨㄛ","zi":"锅"}],"h":[{"py":"ha","zy":"ㄏㄚ","zi":"哈"},{"py":"hai","zy":"ㄏㄞ","zi":"孩"},{"py":"han","zy":"ㄏㄢ","zi":"含"},{"py":"hang","zy":"ㄏㄤ","zi":"杭"},{"py":"hao","zy":"ㄏㄠ","zi":"蒿"},{"py":"he","zy":"ㄏㄜ","zi":"喝"},{"py":"hei","zy":"ㄏㄟ","zi":"黑"},{"py":"hen","zy":"ㄏㄣ","zi":"痕"},{"py":"heng","zy":"ㄏㄥ","zi":"恒"},{"py":"hm","zy":"","zi":"噷"},{"py":"hng","zy":"","zi":"哼"},{"py":"hong","zy":"ㄏㄨㄥ","zi":"烘"},{"py":"hou","zy":"ㄏㄡ","zi":"喉"},{"py":"hu","zy":"ㄏㄨ","zi":"呼"},{"py":"hua","zy":"ㄏㄨㄚ","zi":"花"},{"py":"huai","zy":"ㄏㄨㄞ","zi":"怀"},{"py":"huan","zy":"ㄏㄨㄢ","zi":"欢"},{"py":"huang","zy":"ㄏㄨㄤ","zi":"荒"},{"py":"hui","zy":"ㄏㄨㄟ","zi":"灰"},{"py":"hun","zy":"ㄏㄨㄣ","zi":"昏"},{"py":"huo","zy":"ㄏㄨㄛ","zi":"活"}],"j":[{"py":"ji","zy":"ㄐㄧ","zi":"机"},{"py":"jia","zy":"ㄐㄧㄚ","zi":"加"},{"py":"jian","zy":"ㄐㄧㄢ","zi":"尖"},{"py":"jiang","zy":"ㄐㄧㄤ","zi":"江"},{"py":"jiao","zy":"ㄐㄧㄠ","zi":"交"},{"py":"jie","zy":"ㄐㄧㄝ","zi":"阶"},{"py":"jin","zy":"ㄐㄧㄣ","zi":"今"},{"py":"jing","zy":"ㄐㄧㄥ","zi":"京"},{"py":"jiong","zy":"ㄐㄩㄥ","zi":"迥"},{"py":"jiu","zy":"ㄐㄧㄡ","zi":"究"},{"py":"ju","zy":"ㄐㄩ","zi":"居"},{"py":"juan","zy":"ㄐㄩㄢ","zi":"捐"},{"py":"jue","zy":"ㄐㄩㄝ","zi":"决"},{"py":"jun","zy":"ㄐㄩㄣ","zi":"军"}],"k":[{"py":"ka","zy":"ㄎㄚ","zi":"咖"},{"py":"kai","zy":"ㄎㄞ","zi":"开"},{"py":"kan","zy":"ㄎㄢ","zi":"刊"},{"py":"kang","zy":"ㄎㄤ","zi":"康"},{"py":"kao","zy":"ㄎㄠ","zi":"考"},{"py":"ke","zy":"ㄎㄜ","zi":"科"},{"py":"kei","zy":"ㄎㄟ","zi":"剋"},{"py":"ken","zy":"ㄎㄣ","zi":"肯"},{"py":"keng","zy":"ㄎㄥ","zi":"坑"},{"py":"kong","zy":"ㄎㄨㄥ","zi":"空"},{"py":"kou","zy":"ㄎㄡ","zi":"抠"},{"py":"ku","zy":"ㄎㄨ","zi":"枯"},{"py":"kua","zy":"ㄎㄨㄚ","zi":"夸"},{"py":"kuai","zy":"ㄎㄨㄞ","zi":"快"},{"py":"kuan","zy":"ㄎㄨㄢ","zi":"宽"},{"py":"kuang","zy":"ㄎㄨㄤ","zi":"筐"},{"py":"kui","zy":"ㄎㄨㄟ","zi":"亏"},{"py":"kun","zy":"ㄎㄨㄣ","zi":"昆"},{"py":"kuo","zy":"ㄎㄨㄛ","zi":"阔"}],"l":[{"py":"la","zy":"ㄌㄚ","zi":"拉"},{"py":"lai","zy":"ㄌㄞ","zi":"来"},{"py":"lan","zy":"ㄌㄢ","zi":"兰"},{"py":"lang","zy":"ㄌㄤ","zi":"狼"},{"py":"lao","zy":"ㄌㄠ","zi":"捞"},{"py":"le","zy":"ㄌㄜ","zi":"勒"},{"py":"lei","zy":"ㄌㄟ","zi":"类"},{"py":"leng","zy":"ㄌㄥ","zi":"冷"},{"py":"li","zy":"ㄌㄧ","zi":"里"},{"py":"lia","zy":"ㄌㄧㄚ","zi":"俩"},{"py":"lian","zy":"ㄌㄧㄢ","zi":"连"},{"py":"liang","zy":"ㄌㄧㄤ","zi":"良"},{"py":"liao","zy":"ㄌㄧㄠ","zi":"疗"},{"py":"lie","zy":"ㄌㄧㄝ","zi":"列"},{"py":"lin","zy":"ㄌㄧㄣ","zi":"林"},{"py":"ling","zy":"ㄌㄧㄥ","zi":"玲"},{"py":"liu","zy":"ㄌㄧㄡ","zi":"留"},{"py":"lo","zy":"ㄌㄛ","zi":"咯"},{"py":"long","zy":"ㄌㄨㄥ","zi":"龙"},{"py":"lou","zy":"ㄌㄡ","zi":"搂"},{"py":"lu","zy":"ㄌㄨ","zi":"卢"},{"py":"lü","zy":"ㄌㄩ","zi":"吕"},{"py":"luan","zy":"ㄌㄨㄢ","zi":"乱"},{"py":"lüe","zy":"ㄌㄩㄝ","zi":"略"},{"py":"lun","zy":"ㄌㄨㄣ","zi":"抡"},{"py":"luo","zy":"ㄌㄨㄛ","zi":"罗"}],"m":[{"py":"m","zy":"","zi":"呣"},{"py":"ma","zy":"ㄇㄚ","zi":"妈"},{"py":"mai","zy":"ㄇㄞ","zi":"埋"},{"py":"man","zy":"ㄇㄢ","zi":"蛮"},{"py":"mang","zy":"ㄇㄤ","zi":"忙"},{"py":"mao","zy":"ㄇㄠ","zi":"猫"},{"py":"me","zy":"ㄇㄜ","zi":"么"},{"py":"mei","zy":"ㄇㄟ","zi":"眉"},{"py":"men","zy":"ㄇㄣ","zi":"门"},{"py":"meng","zy":"ㄇㄥ","zi":"蒙"},{"py":"mi","zy":"ㄇㄧ","zi":"迷"},{"py":"mian","zy":"ㄇㄧㄢ","zi":"面"},{"py":"miao","zy":"ㄇㄧㄠ","zi":"苗"},{"py":"mie","zy":"ㄇㄧㄝ","zi":"灭"},{"py":"min","zy":"ㄇㄧㄣ","zi":"民"},{"py":"ming","zy":"ㄇㄧㄥ","zi":"明"},{"py":"miu","zy":"ㄇㄧㄡ","zi":"谬"},{"py":"mo","zy":"ㄇㄛ","zi":"摸"},{"py":"mou","zy":"ㄇㄡ","zi":"谋"},{"py":"mu","zy":"ㄇㄨ","zi":"木"}],"n":[{"py":"n","zy":"","zi":"嗯"},{"py":"na","zy":"ㄋㄚ","zi":"那"},{"py":"nai","zy":"ㄋㄞ","zi":"乃"},{"py":"nan","zy":"ㄋㄢ","zi":"男"},{"py":"nang","zy":"ㄋㄤ","zi":"囊"},{"py":"nao","zy":"ㄋㄠ","zi":"闹"},{"py":"ne","zy":"ㄋㄜ","zi":"讷"},{"py":"nei","zy":"ㄋㄟ","zi":"内"},{"py":"nen","zy":"ㄋㄣ","zi":"嫩"},{"py":"neng","zy":"ㄋㄥ","zi":"能"},{"py":"ng","zy":"","zi":"嗯"},{"py":"ni","zy":"ㄋㄧ","zi":"泥"},{"py":"nian","zy":"ㄋㄧㄢ","zi":"年"},{"py":"niang","zy":"ㄋㄧㄤ","zi":"娘"},{"py":"niao","zy":"ㄋㄧㄠ","zi":"鸟"},{"py":"nie","zy":"ㄋㄧㄝ","zi":"捏"},{"py":"nin","zy":"ㄋㄧㄣ","zi":"您"},{"py":"ning","zy":"ㄋㄧㄥ","zi":"宁"},{"py":"niu","zy":"ㄋㄧㄡ","zi":"牛"},{"py":"nong","zy":"ㄋㄨㄥ","zi":"农"},{"py":"nou","zy":"ㄋㄡ","zi":"耨"},{"py":"nu","zy":"ㄋㄨ","zi":"奴"},{"py":"nü","zy":"ㄋㄩ","zi":"女"},{"py":"nuan","zy":"ㄋㄨㄢ","zi":"暖"},{"py":"nüe","zy":"ㄋㄩㄝ","zi":"虐"},{"py":"nuo","zy":"ㄋㄨㄛ","zi":"挪"}],"o":[{"py":"o","zy":"ㄛ","zi":"哦"},{"py":"ou","zy":"ㄡ","zi":"欧"}],"p":[{"py":"pa","zy":"ㄆㄚ","zi":"怕"},{"py":"pai","zy":"ㄆㄞ","zi":"拍"},{"py":"pan","zy":"ㄆㄢ","zi":"潘"},{"py":"pang","zy":"ㄆㄤ","zi":"旁"},{"py":"pao","zy":"ㄆㄠ","zi":"抛"},{"py":"pei","zy":"ㄆㄟ","zi":"胚"},{"py":"pen","zy":"ㄆㄣ","zi":"喷"},{"py":"peng","zy":"ㄆㄥ","zi":"烹"},{"py":"pi","zy":"ㄆㄧ","zi":"批"},{"py":"pian","zy":"ㄆㄧㄢ","zi":"偏"},{"py":"piao","zy":"ㄆㄧㄠ","zi":"飘"},{"py":"pie","zy":"ㄆㄧㄝ","zi":"撇"},{"py":"pin","zy":"ㄆㄧㄣ","zi":"拼"},{"py":"ping","zy":"ㄆㄧㄥ","zi":"乒"},{"py":"po","zy":"ㄆㄛ","zi":"坡"},{"py":"pou","zy":"ㄆㄡ","zi":"剖"},{"py":"pu","zy":"ㄆㄨ","zi":"扑"}],"q":[{"py":"qi","zy":"ㄑㄧ","zi":"七"},{"py":"qia","zy":"ㄑㄧㄚ","zi":"恰"},{"py":"qian","zy":"ㄑㄧㄢ","zi":"千"},{"py":"qiang","zy":"ㄑㄧㄤ","zi":"枪"},{"py":"qiao","zy":"ㄑㄧㄠ","zi":"敲"},{"py":"qie","zy":"ㄑㄧㄝ","zi":"切"},{"py":"qin","zy":"ㄑㄧㄣ","zi":"亲"},{"py":"qing","zy":"ㄑㄧㄥ","zi":"青"},{"py":"qiong","zy":"ㄑㄩㄥ","zi":"穷"},{"py":"qiu","zy":"ㄑㄧㄡ","zi":"秋"},{"py":"qu","zy":"ㄑㄩ","zi":"区"},{"py":"quan","zy":"ㄑㄩㄢ","zi":"圈"},{"py":"que","zy":"ㄑㄩㄝ","zi":"缺"},{"py":"qun","zy":"ㄑㄩㄣ","zi":"群"}],"r":[{"py":"ran","zy":"ㄖㄢ","zi":"然"},{"py":"rang","zy":"ㄖㄤ","zi":"嚷"},{"py":"rao","zy":"ㄖㄠ","zi":"饶"},{"py":"re","zy":"ㄖㄜ","zi":"热"},{"py":"ren","zy":"ㄖㄣ","zi":"人"},{"py":"reng","zy":"ㄖㄥ","zi":"扔"},{"py":"ri","zy":"ㄖ","zi":"日"},{"py":"rong","zy":"ㄖㄨㄥ","zi":"容"},{"py":"rou","zy":"ㄖㄡ","zi":"柔"},{"py":"ru","zy":"ㄖㄨ","zi":"如"},{"py":"rua","zy":"","zi":"挼"},{"py":"ruan","zy":"ㄖㄨㄢ","zi":"软"},{"py":"rui","zy":"ㄖㄨㄟ","zi":"锐"},{"py":"run","zy":"ㄖㄨㄣ","zi":"润"},{"py":"ruo","zy":"ㄖㄨㄛ","zi":"弱"}],"s":[{"py":"sa","zy":"ㄙㄚ","zi":"撒"},{"py":"sai","zy":"ㄙㄞ","zi":"赛"},{"py":"san","zy":"ㄙㄢ","zi":"三"},{"py":"sang","zy":"ㄙㄤ","zi":"桑"},{"py":"sao","zy":"ㄙㄠ","zi":"搔"},{"py":"se","zy":"ㄙㄜ","zi":"涩"},{"py":"sen","zy":"ㄙㄣ","zi":"森"},{"py":"seng","zy":"ㄙㄥ","zi":"僧"},{"py":"sha","zy":"ㄕㄚ","zi":"杀"},{"py":"shai","zy":"ㄕㄞ","zi":"筛"},{"py":"shan","zy":"ㄕㄢ","zi":"山"},{"py":"shang","zy":"ㄕㄤ","zi":"商"},{"py":"shao","zy":"ㄕㄠ","zi":"烧"},{"py":"she","zy":"ㄕㄜ","zi":"奢"},{"py":"shei","zy":"ㄕㄟ","zi":"谁"},{"py":"shen","zy":"ㄕㄣ","zi":"深"},{"py":"sheng","zy":"ㄕㄥ","zi":"升"},{"py":"shi","zy":"ㄕ","zi":"诗"},{"py":"shou","zy":"ㄕㄡ","zi":"收"},{"py":"shu","zy":"ㄕㄨ","zi":"书"},{"py":"shua","zy":"ㄕㄨㄚ","zi":"刷"},{"py":"shuai","zy":"ㄕㄨㄞ","zi":"衰"},{"py":"shuan","zy":"ㄕㄨㄢ","zi":"闩"},{"py":"shuang","zy":"ㄕㄨㄤ","zi":"双"},{"py":"shui","zy":"ㄕㄨㄟ","zi":"水"},{"py":"shun","zy":"ㄕㄨㄣ","zi":"顺"},{"py":"shuo","zy":"ㄕㄨㄛ","zi":"说"},{"py":"si","zy":"ㄙ","zi":"思"},{"py":"song","zy":"ㄙㄨㄥ","zi":"松"},{"py":"sou","zy":"ㄙㄡ","zi":"搜"},{"py":"su","zy":"ㄙㄨ","zi":"苏"},{"py":"suan","zy":"ㄙㄨㄢ","zi":"酸"},{"py":"sui","zy":"ㄙㄨㄟ","zi":"虽"},{"py":"sun","zy":"ㄙㄨㄣ","zi":"孙"},{"py":"suo","zy":"ㄙㄨㄛ","zi":"梭"}],"t":[{"py":"ta","zy":"ㄊㄚ","zi":"他"},{"py":"tai","zy":"ㄊㄞ","zi":"胎"},{"py":"tan","zy":"ㄊㄢ","zi":"贪"},{"py":"tang","zy":"ㄊㄤ","zi":"汤"},{"py":"tao","zy":"ㄊㄠ","zi":"涛"},{"py":"te","zy":"ㄊㄜ","zi":"特"},{"py":"teng","zy":"ㄊㄥ","zi":"疼"},{"py":"ti","zy":"ㄊㄧ","zi":"梯"},{"py":"tian","zy":"ㄊㄧㄢ","zi":"天"},{"py":"tiao","zy":"ㄊㄧㄠ","zi":"挑"},{"py":"tie","zy":"ㄊㄧㄝ","zi":"贴"},{"py":"ting","zy":"ㄊㄧㄥ","zi":"听"},{"py":"tong","zy":"ㄊㄨㄥ","zi":"通"},{"py":"tou","zy":"ㄊㄡ","zi":"偷"},{"py":"tu","zy":"ㄊㄨ","zi":"突"},{"py":"tuan","zy":"ㄊㄨㄢ","zi":"团"},{"py":"tui","zy":"ㄊㄨㄟ","zi":"推"},{"py":"tun","zy":"ㄊㄨㄣ","zi":"吞"},{"py":"tuo","zy":"ㄊㄨㄛ","zi":"拖"}],"w":[{"py":"wa","zy":"ㄨㄚ","zi":"挖"},{"py":"wai","zy":"ㄨㄞ","zi":"歪"},{"py":"wan","zy":"ㄨㄢ","zi":"弯"},{"py":"wang","zy":"ㄨㄤ","zi":"汪"},{"py":"wei","zy":"ㄨㄟ","zi":"危"},{"py":"wen","zy":"ㄨㄣ","zi":"温"},{"py":"weng","zy":"ㄨㄥ","zi":"翁"},{"py":"wo","zy":"ㄨㄛ","zi":"窝"},{"py":"wu","zy":"ㄨ","zi":"污"}],"x":[{"py":"xi","zy":"ㄒㄧ","zi":"西"},{"py":"xia","zy":"ㄒㄧㄚ","zi":"虾"},{"py":"xian","zy":"ㄒㄧㄢ","zi":"先"},{"py":"xiang","zy":"ㄒㄧㄤ","zi":"香"},{"py":"xiao","zy":"ㄒㄧㄠ","zi":"消"},{"py":"xie","zy":"ㄒㄧㄝ","zi":"些"},{"py":"xin","zy":"ㄒㄧㄣ","zi":"心"},{"py":"xing","zy":"ㄒㄧㄥ","zi":"星"},{"py":"xiong","zy":"ㄒㄩㄥ","zi":"兄"},{"py":"xiu","zy":"ㄒㄧㄡ","zi":"休"},{"py":"xu","zy":"ㄒㄩ","zi":"需"},{"py":"xuan","zy":"ㄒㄩㄢ","zi":"宣"},{"py":"xue","zy":"ㄒㄩㄝ","zi":"靴"},{"py":"xun","zy":"ㄒㄩㄣ","zi":"勋"}],"y":[{"py":"ya","zy":"ㄧㄚ","zi":"呀"},{"py":"yan","zy":"ㄧㄢ","zi":"烟"},{"py":"yang","zy":"ㄧㄤ","zi":"央"},{"py":"yao","zy":"ㄧㄠ","zi":"腰"},{"py":"ye","zy":"ㄧㄝ","zi":"爷"},{"py":"yi","zy":"ㄧ","zi":"一"},{"py":"yin","zy":"ㄧㄣ","zi":"音"},{"py":"ying","zy":"ㄧㄥ","zi":"英"},{"py":"yo","zy":"","zi":"唷"},{"py":"yong","zy":"ㄩㄥ","zi":"拥"},{"py":"you","zy":"ㄧㄡ","zi":"优"},{"py":"yu","zy":"ㄩ","zi":"于"},{"py":"yuan","zy":"ㄩㄢ","zi":"渊"},{"py":"yue","zy":"ㄩㄝ","zi":"约"},{"py":"yun","zy":"ㄩㄣ","zi":"云"}],"z":[{"py":"za","zy":"ㄗㄚ","zi":"匝"},{"py":"zai","zy":"ㄗㄞ","zi":"栽"},{"py":"zan","zy":"ㄗㄢ","zi":"赞"},{"py":"zang","zy":"ㄗㄤ","zi":"脏"},{"py":"zao","zy":"ㄗㄠ","zi":"遭"},{"py":"ze","zy":"ㄗㄜ","zi":"则"},{"py":"zei","zy":"ㄗㄟ","zi":"贼"},{"py":"zen","zy":"ㄗㄣ","zi":"怎"},{"py":"zeng","zy":"ㄗㄥ","zi":"增"},{"py":"zha","zy":"ㄓㄚ","zi":"扎"},{"py":"zhai","zy":"ㄓㄞ","zi":"摘"},{"py":"zhan","zy":"ㄓㄢ","zi":"沾"},{"py":"zhang","zy":"ㄓㄤ","zi":"章"},{"py":"zhao","zy":"ㄓㄠ","zi":"招"},{"py":"zhe","zy":"ㄓㄜ","zi":"遮"},{"py":"zhei","zy":"ㄓㄟ","zi":"这"},{"py":"zhen","zy":"ㄓㄣ","zi":"针"},{"py":"zheng","zy":"ㄓㄥ","zi":"征"},{"py":"zhi","zy":"ㄓ","zi":"之"},{"py":"zhong","zy":"ㄓㄨㄥ","zi":"忠"},{"py":"zhou","zy":"ㄓㄡ","zi":"州"},{"py":"zhu","zy":"ㄓㄨ","zi":"朱"},{"py":"zhua","zy":"ㄓㄨㄚ","zi":"抓"},{"py":"zhuai","zy":"ㄓㄨㄞ","zi":"拽"},{"py":"zhuan","zy":"ㄓㄨㄢ","zi":"专"},{"py":"zhuang","zy":"ㄓㄨㄤ","zi":"庄"},{"py":"zhui","zy":"ㄓㄨㄟ","zi":"追"},{"py":"zhun","zy":"ㄓㄨㄣ","zi":"准"},{"py":"zhuo","zy":"ㄓㄨㄛ","zi":"捉"},{"py":"zi","zy":"ㄗ","zi":"资"},{"py":"zong","zy":"ㄗㄨㄥ","zi":"宗"},{"py":"zou","zy":"ㄗㄡ","zi":"邹"},{"py":"zu","zy":"ㄗㄨ","zi":"租"},{"py":"zuan","zy":"ㄗㄨㄢ","zi":"钻"},{"py":"zui","zy":"ㄗㄨㄟ","zi":"最"},{"py":"zun","zy":"ㄗㄨㄣ","zi":"尊"},{"py":"zuo","zy":"ㄗㄨㄛ","zi":"作"}]}