[{"name":"一","idx":0,"stroke":1},{"name":"丨","idx":1,"stroke":1},{"name":"丿","idx":2,"stroke":1},{"name":"丶","idx":3,"stroke":1},{"name":"乛","idx":4,"stroke":1},{"name":"亅","idx":5,"stroke":1},{"name":"乚","idx":6,"stroke":1},{"name":"乙","idx":7,"stroke":1},{"name":"十","idx":8,"stroke":2},{"name":"厂","idx":9,"stroke":2},{"name":"匚","idx":12,"stroke":2},{"name":"卜","idx":13,"stroke":2},{"name":"冂","idx":15,"stroke":2},{"name":"八","idx":17,"stroke":2},{"name":"二","idx":17,"stroke":2},{"name":"丷","idx":18,"stroke":2},{"name":"阝","idx":19,"stroke":2},{"name":"人","idx":19,"stroke":2},{"name":"亻","idx":20,"stroke":2},{"name":"入","idx":21,"stroke":2},{"name":"勹","idx":22,"stroke":2},{"name":"儿","idx":23,"stroke":2},{"name":"匕","idx":24,"stroke":2},{"name":"几","idx":25,"stroke":2},{"name":"亠","idx":28,"stroke":2},{"name":"冫","idx":29,"stroke":2},{"name":"冖","idx":30,"stroke":2},{"name":"凵","idx":31,"stroke":2},{"name":"卩","idx":32,"stroke":2},{"name":"㔾","idx":33,"stroke":2},{"name":"匸","idx":33,"stroke":2},{"name":"刀","idx":34,"stroke":2},{"name":"刂","idx":35,"stroke":2},{"name":"力","idx":37,"stroke":2},{"name":"又","idx":38,"stroke":2},{"name":"厶","idx":39,"stroke":2},{"name":"廴","idx":40,"stroke":2},{"name":"干","idx":41,"stroke":3},{"name":"川","idx":41,"stroke":3},{"name":"工","idx":42,"stroke":3},{"name":"土","idx":43,"stroke":3},{"name":"士","idx":44,"stroke":3},{"name":"艹","idx":45,"stroke":3},{"name":"艸","idx":46,"stroke":3},{"name":"寸","idx":47,"stroke":3},{"name":"廾","idx":48,"stroke":3},{"name":"大","idx":49,"stroke":3},{"name":"尢","idx":50,"stroke":3},{"name":"兀","idx":51,"stroke":3},{"name":"尣","idx":52,"stroke":3},{"name":"弋","idx":53,"stroke":3},{"name":"小","idx":54,"stroke":3},{"name":"口","idx":56,"stroke":3},{"name":"囗","idx":57,"stroke":3},{"name":"山","idx":58,"stroke":3},{"name":"巾","idx":59,"stroke":3},{"name":"彳","idx":60,"stroke":3},{"name":"彡","idx":61,"stroke":3},{"name":"夕","idx":62,"stroke":3},{"name":"夂","idx":63,"stroke":3},{"name":"爿","idx":65,"stroke":3},{"name":"广","idx":66,"stroke":3},{"name":"门","idx":67,"stroke":3},{"name":"門","idx":68,"stroke":3},{"name":"宀","idx":69,"stroke":3},{"name":"辶","idx":70,"stroke":3},{"name":"辵","idx":71,"stroke":3},{"name":"彐","idx":72,"stroke":3},{"name":"彑","idx":74,"stroke":3},{"name":"尸","idx":75,"stroke":3},{"name":"己","idx":76,"stroke":3},{"name":"巳","idx":78,"stroke":3},{"name":"弓","idx":79,"stroke":3},{"name":"子","idx":80,"stroke":3},{"name":"屮","idx":81,"stroke":3},{"name":"女","idx":82,"stroke":3},{"name":"飞","idx":83,"stroke":3},{"name":"马","idx":85,"stroke":3},{"name":"馬","idx":86,"stroke":3},{"name":"幺","idx":87,"stroke":3},{"name":"巛","idx":88,"stroke":3},{"name":"王","idx":89,"stroke":4},{"name":"玉","idx":92,"stroke":4},{"name":"卝","idx":93,"stroke":4},{"name":"旡","idx":94,"stroke":4},{"name":"韦","idx":95,"stroke":4},{"name":"韋","idx":96,"stroke":4},{"name":"木","idx":97,"stroke":4},{"name":"支","idx":99,"stroke":4},{"name":"犬","idx":100,"stroke":4},{"name":"犭","idx":101,"stroke":4},{"name":"歹","idx":102,"stroke":4},{"name":"车","idx":104,"stroke":4},{"name":"車","idx":105,"stroke":4},{"name":"牙","idx":106,"stroke":4},{"name":"戈","idx":107,"stroke":4},{"name":"比","idx":108,"stroke":4},{"name":"瓦","idx":109,"stroke":4},{"name":"止","idx":110,"stroke":4},{"name":"攴","idx":111,"stroke":4},{"name":"攵","idx":112,"stroke":4},{"name":"日","idx":113,"stroke":4},{"name":"曰","idx":114,"stroke":4},{"name":"⺜","idx":115,"stroke":4},{"name":"贝","idx":116,"stroke":4},{"name":"貝","idx":117,"stroke":4},{"name":"水","idx":118,"stroke":4},{"name":"氵","idx":119,"stroke":4},{"name":"见","idx":121,"stroke":4},{"name":"見","idx":122,"stroke":4},{"name":"牛","idx":123,"stroke":4},{"name":"牜","idx":124,"stroke":4},{"name":"手","idx":125,"stroke":4},{"name":"扌","idx":126,"stroke":4},{"name":"爻","idx":126,"stroke":4},{"name":"气","idx":128,"stroke":4},{"name":"毛","idx":129,"stroke":4},{"name":"长","idx":130,"stroke":4},{"name":"镸","idx":131,"stroke":4},{"name":"長","idx":132,"stroke":4},{"name":"片","idx":133,"stroke":4},{"name":"斤","idx":134,"stroke":4},{"name":"爪","idx":135,"stroke":4},{"name":"爫","idx":136,"stroke":4},{"name":"父","idx":137,"stroke":4},{"name":"月","idx":138,"stroke":4},{"name":"氏","idx":140,"stroke":4},{"name":"欠","idx":141,"stroke":4},{"name":"风","idx":142,"stroke":4},{"name":"風","idx":143,"stroke":4},{"name":"殳","idx":144,"stroke":4},{"name":"文","idx":145,"stroke":4},{"name":"方","idx":146,"stroke":4},{"name":"火","idx":147,"stroke":4},{"name":"灬","idx":148,"stroke":4},{"name":"斗","idx":149,"stroke":4},{"name":"户","idx":150,"stroke":4},{"name":"心","idx":151,"stroke":4},{"name":"忄","idx":152,"stroke":4},{"name":"毋","idx":154,"stroke":4},{"name":"母","idx":155,"stroke":4},{"name":"玄","idx":155,"stroke":5},{"name":"示","idx":156,"stroke":5},{"name":"礻","idx":157,"stroke":5},{"name":"甘","idx":158,"stroke":5},{"name":"石","idx":159,"stroke":5},{"name":"用","idx":160,"stroke":5},{"name":"龙","idx":160,"stroke":5},{"name":"龍","idx":161,"stroke":5},{"name":"业","idx":162,"stroke":5},{"name":"目","idx":163,"stroke":5},{"name":"田","idx":164,"stroke":5},{"name":"罒","idx":165,"stroke":5},{"name":"皿","idx":166,"stroke":5},{"name":"生","idx":167,"stroke":5},{"name":"矢","idx":168,"stroke":5},{"name":"禾","idx":169,"stroke":5},{"name":"白","idx":170,"stroke":5},{"name":"瓜","idx":171,"stroke":5},{"name":"鸟","idx":172,"stroke":5},{"name":"鳥","idx":173,"stroke":5},{"name":"疒","idx":174,"stroke":5},{"name":"立","idx":175,"stroke":5},{"name":"穴","idx":176,"stroke":5},{"name":"疋","idx":177,"stroke":5},{"name":"皮","idx":180,"stroke":5},{"name":"癶","idx":181,"stroke":5},{"name":"矛","idx":182,"stroke":5},{"name":"先","idx":179,"stroke":6},{"name":"行","idx":180,"stroke":6},{"name":"耒","idx":183,"stroke":6},{"name":"耂","idx":185,"stroke":6},{"name":"耳","idx":186,"stroke":6},{"name":"臣","idx":187,"stroke":6},{"name":"覀","idx":188,"stroke":6},{"name":"而","idx":190,"stroke":6},{"name":"页","idx":191,"stroke":6},{"name":"頁","idx":192,"stroke":6},{"name":"至","idx":193,"stroke":6},{"name":"虍","idx":194,"stroke":6},{"name":"虫","idx":196,"stroke":6},{"name":"肉","idx":197,"stroke":6},{"name":"缶","idx":198,"stroke":6},{"name":"舌","idx":199,"stroke":6},{"name":"竹","idx":200,"stroke":6},{"name":"臼","idx":203,"stroke":6},{"name":"自","idx":206,"stroke":6},{"name":"血","idx":207,"stroke":6},{"name":"舟","idx":208,"stroke":6},{"name":"色","idx":209,"stroke":6},{"name":"齐","idx":210,"stroke":6},{"name":"齊","idx":211,"stroke":6},{"name":"衣","idx":212,"stroke":6},{"name":"衤","idx":213,"stroke":6},{"name":"羊","idx":214,"stroke":6},{"name":"米","idx":218,"stroke":6},{"name":"聿","idx":219,"stroke":6},{"name":"肀","idx":220,"stroke":6},{"name":"艮","idx":222,"stroke":6},{"name":"羽","idx":223,"stroke":6},{"name":"糸","idx":224,"stroke":6},{"name":"纟","idx":225,"stroke":6},{"name":"糹","idx":226,"stroke":6},{"name":"采","idx":193,"stroke":7},{"name":"克","idx":203,"stroke":7},{"name":"麦","idx":227,"stroke":7},{"name":"麥","idx":228,"stroke":7},{"name":"走","idx":229,"stroke":7},{"name":"赤","idx":230,"stroke":7},{"name":"豆","idx":231,"stroke":7},{"name":"酉","idx":232,"stroke":7},{"name":"辰","idx":233,"stroke":7},{"name":"豕","idx":234,"stroke":7},{"name":"卤","idx":235,"stroke":7},{"name":"鹵","idx":236,"stroke":7},{"name":"里","idx":237,"stroke":7},{"name":"足","idx":238,"stroke":7},{"name":"邑","idx":241,"stroke":7},{"name":"身","idx":246,"stroke":7},{"name":"谷","idx":248,"stroke":7},{"name":"豸","idx":249,"stroke":7},{"name":"角","idx":252,"stroke":7},{"name":"言","idx":253,"stroke":7},{"name":"讠","idx":254,"stroke":7},{"name":"辛","idx":255,"stroke":7},{"name":"靑","idx":217,"stroke":8},{"name":"釒","idx":224,"stroke":8},{"name":"靣","idx":227,"stroke":8},{"name":"青","idx":256,"stroke":8},{"name":"雨","idx":258,"stroke":8},{"name":"非","idx":260,"stroke":8},{"name":"齿","idx":261,"stroke":8},{"name":"齒","idx":262,"stroke":8},{"name":"黽","idx":264,"stroke":8},{"name":"隹","idx":265,"stroke":8},{"name":"阜","idx":266,"stroke":8},{"name":"金","idx":271,"stroke":8},{"name":"钅","idx":272,"stroke":8},{"name":"鱼","idx":273,"stroke":8},{"name":"魚","idx":274,"stroke":8},{"name":"隶","idx":275,"stroke":8},{"name":"革","idx":276,"stroke":9},{"name":"面","idx":277,"stroke":9},{"name":"韭","idx":278,"stroke":9},{"name":"骨","idx":279,"stroke":9},{"name":"香","idx":280,"stroke":9},{"name":"鬼","idx":281,"stroke":9},{"name":"饣","idx":283,"stroke":9},{"name":"飠","idx":284,"stroke":9},{"name":"音","idx":285,"stroke":9},{"name":"首","idx":286,"stroke":9},{"name":"鬯","idx":243,"stroke":10},{"name":"髟","idx":287,"stroke":10},{"name":"鬲","idx":288,"stroke":10},{"name":"鬥","idx":289,"stroke":10},{"name":"高","idx":290,"stroke":10},{"name":"黄","idx":291,"stroke":11},{"name":"麻","idx":292,"stroke":11},{"name":"鹿","idx":293,"stroke":11},{"name":"黹","idx":259,"stroke":12},{"name":"鼎","idx":294,"stroke":12},{"name":"黑","idx":295,"stroke":12},{"name":"黍","idx":296,"stroke":12},{"name":"鼓","idx":297,"stroke":13},{"name":"鼠","idx":298,"stroke":13},{"name":"鼻","idx":299,"stroke":14},{"name":"龠","idx":300,"stroke":17},{"name":"难检","idx":-1,"stroke":-1}]