[{"value":1,"count":13},{"value":2,"count":54},{"value":3,"count":122},{"value":4,"count":253},{"value":5,"count":395},{"value":6,"count":713},{"value":7,"count":1190},{"value":8,"count":1574},{"value":9,"count":1845},{"value":10,"count":2001},{"value":11,"count":2240},{"value":12,"count":2310},{"value":13,"count":2003},{"value":14,"count":1830},{"value":15,"count":1763},{"value":16,"count":1477},{"value":17,"count":1148},{"value":18,"count":878},{"value":19,"count":740},{"value":20,"count":561},{"value":21,"count":370},{"value":22,"count":305},{"value":23,"count":207},{"value":24,"count":159},{"value":25,"count":93},{"value":26,"count":46},{"value":27,"count":48},{"value":28,"count":28},{"value":29,"count":10},{"value":30,"count":10},{"value":31,"count":1},{"value":32,"count":3},{"value":33,"count":4},{"value":35,"count":1},{"value":36,"count":1},{"value":39,"count":1},{"value":48,"count":1}]