[{"name":"左右结构","count":16378,"idx":1},{"name":"上下结构","count":4681,"idx":2},{"name":"左上包围结构","count":694,"idx":3},{"name":"左中右结构","count":691,"idx":4},{"name":"单一结构","count":518,"idx":5},{"name":"左下包围结构","count":497,"idx":6},{"name":"上中下结构","count":274,"idx":7},{"name":"上三包围结构","count":236,"idx":8},{"name":"右上包围结构","count":116,"idx":9},{"name":"全包围结构","count":79,"idx":10},{"name":"左三包围结构","count":45,"idx":11},{"name":"镶嵌结构","count":36,"idx":12},{"name":"半包围结构","count":31,"idx":13},{"name":"下三包围结构","count":7,"idx":14},{"name":"未知结构","count":115,"idx":-1}]